date,returns
2015-01-01,0.003280284918067396
2015-01-02,-0.0005295858070271081
2015-01-05,0.004186131228604155
2015-01-06,0.009438179138448152
2015-01-07,-0.001104920248340016
2015-01-08,-0.0011048217416950834
2015-01-09,0.00977527689304435
2015-01-12,0.0049046083749174525
2015-01-13,-0.002516846315609713
2015-01-14,0.003555360261515788
2015-01-15,-0.0024805061568747735
2015-01-16,-0.002494378521421541
2015-01-19,0.0017517736293962047
2015-01-20,-0.011179681467946788
2015-01-21,-0.010049506995078197
2015-01-22,-0.0030737251754458365
2015-01-23,-0.005776986722006543
2015-01-26,0.002185483995571643
2015-01-27,-0.005148144453127265
2015-01-28,-0.00817382220801175
2015-01-29,0.009093892613529324
2015-01-30,-0.001054657802919214
2015-02-02,0.000705169228127543
2015-02-03,-0.00824848911728074
2015-02-04,-0.0029662963471510963
2015-02-05,0.0009655355382591966
2015-02-06,-0.006605961464533817
2015-02-09,0.0025541881100740317
2015-02-10,-0.00330383213951283
2015-02-11,-0.0014501624987596608
2015-02-12,-0.0033102396733763815
2015-02-13,0.011413669107053628
2015-02-16,0.00021901665157239645
2015-02-17,-0.006046265573735402
2015-02-18,0.005235269472619134
2015-02-19,-0.007025061899826134
2015-02-20,0.0015531815700285325
2015-02-23,-0.011458020743278653
2015-02-24,-0.007669116293390583
2015-02-25,0.001481167415214741
2015-02-26,0.004730799479972463
2015-02-27,0.0013282096871398228
2015-03-02,-0.0003938896943294432
2015-03-03,-0.0015066221735357329
2015-03-04,-0.008571131942204565
2015-03-05,-0.004019065250368252
2015-03-06,-0.0024638326257587252
2015-03-09,0.006642733357313494
2015-03-10,0.0023617097374107683
2015-03-11,-0.010278240932176405
2015-03-12,0.00224450381636877
2015-03-13,-0.0020104936824978993
2015-03-16,-0.0037615320018357526
2015-03-17,0.003970057733045208
2015-03-18,0.006485997134975705
2015-03-19,0.005887680714697191
2015-03-20,-0.0047353051393358315
2015-03-23,-0.0015552742551072877
2015-03-24,0.0022875805884213837
2015-03-25,0.006153270762734155
2015-03-26,-0.0025750454270717397
2015-03-27,-0.0008139538599829029
2015-03-30,-0.006338009844036169
2015-03-31,-0.006877239744484025
2015-04-01,0.005175154934365188
2015-04-02,0.008437440171424938
2015-04-03,-0.0001320607294820031
2015-04-06,0.006321197387352145
2015-04-07,0.0024698161502858047
2015-04-08,-0.0035707185276307456
2015-04-09,0.0024683736330504834
2015-04-10,0.009528219398795815
2015-04-13,8.504376534029074e-05
2015-04-14,0.009687861934884037
2015-04-15,-0.015418470624538468
2015-04-16,0.005231415026251343
2015-04-17,0.0008222824094290273
2015-04-20,-0.0014940441027952048
2015-04-21,0.0008505646592130139
2015-04-22,-0.011625413487605357
2015-04-23,-0.0010180313270250717
2015-04-24,0.0024426754290704784
2015-04-27,0.009167364268449097
2015-04-28,-0.0028096213096418846
2015-04-29,-0.004550961617359126
2015-04-30,-0.0027105422615072193
2015-05-01,0.005792412706212445
2015-05-04,0.002272506657958107
2015-05-05,-0.002878561222602233
2015-05-06,0.0033796045986801367
2015-05-07,0.0008824652960882423
2015-05-08,0.006111869943197335
2015-05-11,-0.003912318563264115
2015-05-12,-0.0016659728795866092
2015-05-13,-0.002052648918792946
2015-05-14,-0.008481089688792711
2015-05-15,0.002076721662387456
2015-05-18,0.0018663316330793359
2015-05-19,0.0003306807398547653
2015-05-20,-0.0011075228002508815
2015-05-21,-0.008192224452302485
2015-05-22,-0.002223871936592154
2015-05-25,-0.0017562870991606168
2015-05-26,-0.004513663615329714
2015-05-27,-0.0006677142699960548
2015-05-28,0.0027243051408872305
2015-05-29,0.01161711540726318
2015-06-01,0.0013474668769910337
2015-06-02,0.0018453023443365862
2015-06-03,-0.0001466754945970033
2015-06-04,-0.01121262729179425
2015-06-05,0.0001409167473046987
2015-06-08,0.0006613812596461586
2015-06-09,0.015079452674911717
2015-06-10,-0.0008541657886867353
2015-06-11,0.002109284054001675
2015-06-12,9.17293817685401e-05
2015-06-15,-0.006712068225717192
2015-06-16,0.007156936887090124
2015-06-17,0.004811598196120645
2015-06-18,0.005046191682258281
2015-06-19,-0.005156324728768434
2015-06-22,0.008716765865616595
2015-06-23,-0.008111106376753685
2015-06-24,0.0038211425628016217
2015-06-25,0.013442733754859871
2015-06-26,-0.00564321795078413
2015-06-29,-0.0030977863776166315
2015-06-30,0.0008979081905258473
2015-07-01,-0.0027208539246971956
2015-07-02,-0.009003980586396796
2015-07-03,0.0007113778488361639
2015-07-06,-0.00607382228235663
2015-07-07,0.0031415545838110893
2015-07-08,-0.005216545405402819
2015-07-09,0.009599606430105236
2015-07-10,-0.0043995197540174225
2015-07-13,-0.0016323690972340535
2015-07-14,0.005181103304218018
2015-07-15,-0.007085185898603731
2015-07-16,0.0016647596076247765
2015-07-17,0.008142856525694568
2015-07-20,-0.009344899407367366
2015-07-21,0.0014078031511938253
2015-07-22,0.001859296765490541
2015-07-23,0.004990937230663862
2015-07-24,-0.007121704265268492
2015-07-27,-0.007622739678505658
2015-07-28,0.003431649393701386
2015-07-29,0.0020819080393991163
2015-07-30,0.0018029571020752593
2015-07-31,0.002378689256981854
2015-08-03,-0.003780148329470945
2015-08-04,0.0016935221829660213
2015-08-05,0.0020584348397920875
2015-08-06,-0.003986108508158207
2015-08-07,0.011494647066868539
2015-08-10,0.0031429975254707253
2015-08-11,-0.006847820983215892
2015-08-12,0.004239321651802979
2015-08-13,-0.005548090021363929
2015-08-14,0.005022507622454713
2015-08-17,0.007251573474044424
2015-08-18,-0.004624093910110263
2015-08-19,0.006080256775465931
2015-08-20,0.0027766855616189897
2015-08-21,0.00523236095996694
2015-08-24,0.011680757895923684
2015-08-25,-0.001172328696017223
2015-08-26,-0.004222416986144938
2015-08-27,-0.00503708657775314
2015-08-28,-0.00459486170979263
2015-08-31,-0.00016261025648462525
2015-09-01,0.0023469118488998633
2015-09-02,0.0019601447959801143
2015-09-03,0.005263099494216143
2015-09-04,0.0003780113512674421
2015-09-07,0.009021204462943902
2015-09-08,-0.0012879409994277365
2015-09-09,0.016621014999537716
2015-09-10,0.004054004086590037
2015-09-11,-0.0048429453384976956
2015-09-14,-0.0061253549883666745
2015-09-15,0.003194834491459112
2015-09-16,-0.0010407767119551055
2015-09-17,0.004584002964552552
2015-09-18,0.003139425747441269
2015-09-21,-0.0001369734759412367
2015-09-22,-0.00478076230841043
2015-09-23,-0.008789083348115187
2015-09-24,-0.0023790897124021265
2015-09-25,0.0054383927659408336
2015-09-28,0.0015845624647812238
2015-09-29,-0.007174432672271928
2015-09-30,0.0013390855551070919
2015-10-01,0.0026119042783730208
2015-10-02,-0.005003144617206798
2015-10-05,0.0012223506356731674
2015-10-06,0.0006492523106759994
2015-10-07,-0.006557821786983739
2015-10-08,0.0024467241620896997
2015-10-09,0.003664707158209406
2015-10-12,0.006798307459051662
2015-10-13,0.006622812312209418
2015-10-14,-0.007966016207742546
2015-10-15,-0.005326950239490737
2015-10-16,0.0033902116032519585
2015-10-19,0.003382715705473253
2015-10-20,0.0033902861178362873
2015-10-21,0.023416388943928328
2015-10-22,0.0037253430641590018
2015-10-23,0.007113393841083593
2015-10-26,0.006024010580959214
2015-10-27,0.004208347507834788
2015-10-28,-0.001591615467842074
2015-10-29,0.004853815322959604
2015-10-30,-0.004336951287225431
2015-11-02,-0.0011209116404400535
2015-11-03,-0.002612181286974621
2015-11-04,0.0007912448363179352
2015-11-05,0.014187951400041051
2015-11-06,-0.010903591155550488
2015-11-09,0.004417561142247081
2015-11-10,-0.00937629522713791
2015-11-11,-0.002531591194736601
2015-11-12,0.006833703581804197
2015-11-13,0.0006856801145727765
2015-11-16,-0.006166468667575837
2015-11-17,-0.003991822255559809
2015-11-18,0.004377586493608055
2015-11-19,-0.0040821997903028205
2015-11-20,0.001598751537491849
2015-11-23,0.0005734310394228826
2015-11-24,-0.0036096020856349028
2015-11-25,0.013163664535951955
2015-11-26,0.004103514133908068
2015-11-27,-0.011850855519945643
2015-11-30,0.0014187258886165658
2015-12-01,-0.003670718788610328
2015-12-02,0.005414600008777344
2015-12-03,-0.004455124430596204
2015-12-04,-0.00038841864880139414
2015-12-07,0.003329923673882743
2015-12-08,0.005494531165020729
2015-12-09,-0.0069017784423346575
2015-12-10,-0.0017070074150456905
2015-12-11,-0.0025496718669657374
2015-12-14,-0.003619975395442272
2015-12-15,0.010892725441686582
2015-12-16,0.002729890265765733
2015-12-17,-0.007265303726010272
2015-12-18,0.005807171682328656
2015-12-21,0.0130329371820758
2015-12-22,0.006494791563306881
2015-12-23,-0.00881621979572408
2015-12-24,-0.002605404437197508
2015-12-25,0.007901466895119736
2015-12-28,-0.003946016793712684
2015-12-29,0.0029629165688773705
2015-12-30,0.004947804320576021
2015-12-31,-0.005261582829468498
2016-01-01,-5.715213637080054e-05
2016-01-04,-0.019147604040414434
2016-01-05,-0.005846325848005739
2016-01-06,-0.001215408908358962
2016-01-07,-0.0071866990917890975
2016-01-08,0.010094467823589812
2016-01-11,-0.008280848267763796
2016-01-12,-0.0023402669201819026
2016-01-13,0.001084443463716548
2016-01-14,0.008947639734396693
2016-01-15,-0.008315172907076637
2016-01-18,0.0072789825129297575
2016-01-19,0.0003613983661175223
2016-01-20,-0.005589051906287706
2016-01-21,0.0030726208455796244
2016-01-22,0.0014943581734408202
2016-01-25,-0.003301301262952768
2016-01-26,0.0007188125099401135
2016-01-27,-0.0020118815811705614
2016-01-28,0.0009811040715074883
2016-01-29,0.00427278404712628
2016-02-01,0.009816100896872113
2016-02-02,-0.0071268929929610945
2016-02-03,0.0130982002479376
2016-02-04,-0.011412526797135012
2016-02-05,-0.0006107105702134999
2016-02-08,0.0038299032389074593
2016-02-09,0.001985951206410196
2016-02-10,-0.003436197118923563
2016-02-11,-0.0009487335021436513
2016-02-12,-0.002658005607952997
2016-02-15,-0.003236188541665269
2016-02-16,0.005397612582126148
2016-02-17,0.002442092915790284
2016-02-18,-0.0038574575715639254
2016-02-19,0.005697599252599504
2016-02-22,0.002143797125259656
2016-02-23,0.00517717271303376
2016-02-24,0.0040777730515416735
2016-02-25,-0.004673970065532434
2016-02-26,-0.0030610862411818178
2016-02-29,0.004783761630739571
2016-03-01,0.003962221592600789
2016-03-02,0.00017459043621511117
2016-03-03,0.001003964299852692
2016-03-04,0.00796598937473055
2016-03-07,-0.0032494283330149797
2016-03-08,0.0035825842870202277
2016-03-09,-0.0009131559146033645
2016-03-10,-0.001006087219363322
2016-03-11,0.0068926611119231405
2016-03-14,0.005252498093928179
2016-03-15,0.0051810578160038315
2016-03-16,0.008132872842925975
2016-03-17,0.00042602304979655423
2016-03-18,0.004391717827769783
2016-03-21,-0.0015616005395607364
2016-03-22,0.002244998114930653
2016-03-23,-0.00048085832620610756
2016-03-24,0.000881975789956309
2016-03-25,0.003870942152621482
2016-03-28,-0.004609324099400835
2016-03-29,0.012854323654112761
2016-03-30,-0.005736104288998212
2016-03-31,-0.006985131676726393
2016-04-01,0.007248665241000407
2016-04-04,0.005049976163777615
2016-04-05,0.004044718902312931
2016-04-06,0.00407007305558568
2016-04-07,0.00022651936291851225
2016-04-08,-0.005083526228914989
2016-04-11,0.000754827349162358
2016-04-12,-0.0037629702690726704
2016-04-13,0.006150718400506507
2016-04-14,-0.0005823442890128319
2016-04-15,-0.004652983180755069
2016-04-18,-0.0016283150499179608
2016-04-19,0.002777588725653746
2016-04-20,-0.0030823473168238484
2016-04-21,-0.004633322373398589
2016-04-22,0.0017621232689514737
2016-04-25,0.0017697994266523366
2016-04-26,-0.002741659052226779
2016-04-27,-0.0025262298337099367
2016-04-28,0.0016922996241458177
2016-04-29,-0.008388506048983946
2016-05-02,-0.008144782646259332
2016-05-03,-0.004010665327514616
2016-05-04,-0.0009806829102710836
2016-05-05,0.0021654453935880274
2016-05-06,0.009152137301697312
2016-05-09,0.005445957739212116
2016-05-10,-0.0006596311797805628
2016-05-11,0.000185902752583867
2016-05-12,-0.005715176187826854
2016-05-13,0.00018892118404566037
2016-05-16,-0.0014319518335208301
2016-05-17,0.002236311362028537
2016-05-18,-0.0046633856613139376
2016-05-19,0.003416079085447034
2016-05-20,0.009496433478015466
2016-05-23,-0.00035256089074114564
2016-05-24,0.0027102703325936487
2016-05-25,0.004440863950266675
2016-05-26,-0.0021073228313150177
2016-05-27,0.0016445548908625006
2016-05-30,0.0003755544046907691
2016-05-31,0.0008860565912929903
2016-06-01,-0.004338058703132799
2016-06-02,0.00044706104555365623
2016-06-03,0.0032879897474726986
2016-06-06,0.00900686164677025
2016-06-07,0.006055624956511242
2016-06-08,0.013219094745069339
2016-06-09,-0.004304085377328297
2016-06-10,0.005533923820324069
2016-06-13,0.0014000520344301104
2016-06-14,0.013438817599306034
2016-06-15,-0.004549789712130909
2016-06-16,-0.004738331053084657
2016-06-17,-0.003296355872664133
2016-06-20,-0.012443374345858842
2016-06-21,-0.0028545301300845665
2016-06-22,-0.004254795969322188
2016-06-23,0.0012023627188572459
2016-06-24,0.0023505358546629567
2016-06-27,0.011557025035295317
2016-06-28,0.006002543029116301
2016-06-29,-0.003161421933974419
2016-06-30,-0.005090488028090148
2016-07-01,0.003251515029039034
2016-07-04,-0.007621399242123853
2016-07-05,0.011288752595126123
2016-07-06,0.007376640724327722
2016-07-07,-0.002515053912628229
2016-07-08,-0.009978807174545265
2016-07-11,0.008423234244992478
2016-07-12,-0.0003872390715157073
2016-07-13,0.0077268978718407705
2016-07-14,-0.009266565952766204
2016-07-15,-0.0032962501377226372
2016-07-18,0.000331462198309099
2016-07-19,0.0005818835625884523
2016-07-20,-0.002400392828875462
2016-07-21,0.004037099594084993
2016-07-22,-0.006105722576295567
2016-07-25,-0.000554276910127761
2016-07-26,0.0010217737902713932
2016-07-27,0.003386633004352494
2016-07-28,0.004569689268533339
2016-07-29,-0.006447852551027216
2016-08-01,-0.008904685024413734
2016-08-02,0.007966060931391055
2016-08-03,0.00229388407187755
2016-08-04,-0.004190919219339322
2016-08-05,0.009606911853135138
2016-08-08,0.000994047805757152
2016-08-09,0.007375783104382958
2016-08-10,0.0007051108884606537
2016-08-11,0.012664487549291923
2016-08-12,0.010832045054659227
2016-08-15,-0.001193784890874441
2016-08-16,0.006129425705726133
2016-08-17,0.004172255697510886
2016-08-18,0.008511789345194093
2016-08-19,-0.005489540763480627
2016-08-22,0.004416308759990636
2016-08-23,0.006650546921097527
2016-08-24,-0.010252436918538686
2016-08-25,-0.006799551075994651
2016-08-26,-0.011935393066560603
2016-08-29,-0.0013164410066673466
2016-08-30,0.004605253534775774
2016-08-31,0.009314142312576169
2016-09-01,0.0007445686825186511
2016-09-02,0.01007169327342775
2016-09-05,-0.007980608749289348
2016-09-06,-0.009920294636130929
2016-09-07,-3.328619337971268e-05
2016-09-08,0.0026043926936358437
2016-09-09,0.00010383151143544131
2016-09-12,-0.01210465260023926
2016-09-13,-0.00023472023707673048
2016-09-14,-0.00752681700302912
2016-09-15,0.004318035292980231
2016-09-16,0.0024995894765810897
2016-09-19,-0.005339278717964132
2016-09-20,-0.0027832015040201614
2016-09-21,-0.0060552811313337096
2016-09-22,-7.607458363903129e-05
2016-09-23,0.006030853923007429
2016-09-26,-0.005614356278013263
2016-09-27,0.0033242790931070666
2016-09-28,-0.002881545710234645
2016-09-29,-0.004457236993574065
2016-09-30,-0.000342182159727347
2016-10-03,-0.0059114539345162444
2016-10-04,-0.0030218958320830922
2016-10-05,-0.006887267355533091
2016-10-06,0.012088350797498336
2016-10-07,0.0005115813118303716
2016-10-10,-0.003898353047955514
2016-10-11,0.001583879464405332
2016-10-12,-0.00037396829814497894
2016-10-13,-0.001025817597199338
2016-10-14,0.003985000200260552
2016-10-17,0.0048450462602838305
2016-10-18,-0.002883006885663165
2016-10-19,-0.0031549094438680803
2016-10-20,-0.0013503101829098643
2016-10-21,-0.01351152698841351
2016-10-24,-0.008791146373191314
2016-10-25,0.008501245604667149
2016-10-26,0.010169806281007701
2016-10-27,-0.00119421623733827
2016-10-28,0.0037593417783345984
2016-10-31,0.0021675009272612168
2016-11-01,0.018773284850731427
2016-11-02,0.00701744946860746
2016-11-03,-0.0004675055488845993
2016-11-04,-0.0054332426436025545
2016-11-07,-0.009338677921545436
2016-11-08,0.0015207818152033386
2016-11-09,-0.004238104471705821
2016-11-10,-0.008233522257586045
2016-11-11,-0.0035794373054551594
2016-11-14,-0.00618928802168637
2016-11-15,0.010422849810435389
2016-11-16,0.005589838541696703
2016-11-17,0.0002521641521002957
2016-11-18,0.009179664833340154
2016-11-21,0.0007642098458857099
2016-11-22,-0.0048677052079695825
2016-11-23,0.009438744463617943
2016-11-24,0.003533460262107952
2016-11-25,-0.005923476925958739
2016-11-28,-0.0008420320685016492
2016-11-29,-0.004953709520308543
2016-11-30,-0.007996798385786017
2016-12-01,0.005857065285189848
2016-12-02,0.011756499842820784
2016-12-05,-0.008091405442914848
2016-12-06,0.0036778154201434253
2016-12-07,-0.003603855414730962
2016-12-08,-0.0026227523025881766
2016-12-09,-0.0032543635454332152
2016-12-12,-0.0048839446180788965
2016-12-13,0.000591129767668962
2016-12-14,-0.004685700698466227
2016-12-15,0.001922740954679033
2016-12-16,-1.428656694821772e-06
2016-12-19,-0.0011336882811984585
2016-12-20,-0.005145381972249587
2016-12-21,-0.0031606279834099967
2016-12-22,0.004832347354954536
2016-12-23,0.0033055031257462845
2016-12-26,-0.005565331468791307
2016-12-27,0.0008959938325753553
2016-12-28,0.004808322740230735
2016-12-29,-0.009716431686728231
2016-12-30,0.0035601611542796104
2017-01-02,-0.0036757425536750807
2017-01-03,0.003723592011558956
2017-01-04,-0.004279554939255101
2017-01-05,-0.010529292603987115
2017-01-06,-0.009465254627298976
2017-01-09,0.0005885096799682919
2017-01-10,0.0018583350103288912
2017-01-11,-0.005125899750626451
2017-01-12,0.004131554752664243
2017-01-13,-0.00966912037361376
2017-01-16,-9.647879188389948e-05
2017-01-17,-0.00696609719857474
2017-01-18,-0.0036110166468129555
2017-01-19,0.0005843920278984841
2017-01-20,-0.004862480191703714
2017-01-23,-0.0020073332653789524
2017-01-24,0.0063377568552866435
2017-01-25,-0.0031613512171388925
2017-01-26,0.005314152672390851
2017-01-27,-0.006478241127945709
2017-01-30,0.0034788250674916968
2017-01-31,0.008949411723947403
2017-02-01,-0.014529867000763736
2017-02-02,-0.004481371532822861
2017-02-03,0.0037624327630832403
2017-02-06,-0.0009182723162579562
2017-02-07,0.002526875240227853
2017-02-08,-0.0033239111202949235
2017-02-09,0.0008195387248373994
2017-02-10,-0.0006340634123524768
2017-02-13,0.007306692369958844
2017-02-14,0.0018265250598072786
2017-02-15,0.002325615972451213
2017-02-16,-0.0021712617967348043
2017-02-17,-0.0026256373444349616
2017-02-20,-0.002295349126917726
2017-02-21,0.002666712854269781
2017-02-22,-0.002225906884921578
2017-02-23,0.0020386491413784775
2017-02-24,0.012752404791872634
2017-02-27,0.005526748220590154
2017-02-28,-0.0016561411930070468
2017-03-01,0.007507283532983669
2017-03-02,-0.0021484522381293083
2017-03-03,-0.011928747211067124
2017-03-06,-0.005748517865504425
2017-03-07,-0.010924751526155135
2017-03-08,-0.0018090809042478522
2017-03-09,0.0004105102751373102
2017-03-10,0.010358623873651697
2017-03-13,0.0022615642425849757
2017-03-14,-0.0010146031728531855
2017-03-15,0.005276433487100935
2017-03-16,-0.012966811854047312
2017-03-17,0.0017136873486513955
2017-03-20,0.004925191163321801
2017-03-21,-0.00857151747467905
2017-03-22,0.007162524259241574
2017-03-23,0.0023309784449664847
2017-03-24,-0.0021917274834048076
2017-03-27,0.004096691196637709
2017-03-28,0.013924157146826375
2017-03-29,0.0013911975303509709
2017-03-30,0.0017893235178020165
2017-03-31,-0.0024561653972414647
2017-04-03,-0.004799066216788751
2017-04-04,0.0052820148992654735
2017-04-05,-0.004836502955453204
2017-04-06,0.0007293974233163547
2017-04-07,-0.0025659446805907002
2017-04-10,0.003173878954478351
2017-04-11,0.0023019726317216895
2017-04-12,0.006525239665547395
2017-04-13,-0.0027600983931284824
2017-04-14,-0.0013192496117602275
2017-04-17,-0.005572582294693844
2017-04-18,-0.0023657595604566696
2017-04-19,0.002563802958269113
2017-04-20,0.0048419316998721115
2017-04-21,-0.005232991945065752
2017-04-24,0.005517635520633961
2017-04-25,0.008433827152829705
2017-04-26,0.002780609419342205
2017-04-27,0.011560774875348396
2017-04-28,-0.004342735194621438
2017-05-01,-0.007167928219868502
2017-05-02,-0.010372321493425672
2017-05-03,0.009276265868935098
2017-05-04,0.004226193938124346
2017-05-05,-3.350802546273047e-05
2017-05-08,0.001979811757918922
2017-05-09,-0.006452934283790259
2017-05-10,0.014974511877700958
2017-05-11,0.001075327091851365
2017-05-12,0.0009563687676293574
2017-05-15,0.004654599743392151
2017-05-16,0.003186055390420279
2017-05-17,0.0016433041456747881
2017-05-18,-0.004442846732671871
2017-05-19,0.0031288101428159744
2017-05-22,0.011592146978850202
2017-05-23,0.008372520276929866
2017-05-24,0.009859119759836383
2017-05-25,-0.002767294058587111
2017-05-26,-0.005637628921551486
2017-05-29,-0.0004547215205978889
2017-05-30,0.0006343494737321676
2017-05-31,0.006865149110825692
2017-06-01,-0.009854787778288916
2017-06-02,0.009477301916763683
2017-06-05,-0.0006480473914739365
2017-06-06,-0.00226128641968452
2017-06-07,-0.005772626251561005
2017-06-08,-0.009629140031194616
2017-06-09,0.005239023503771487
2017-06-12,0.0007399078031304233
2017-06-13,-0.007439765398446324
2017-06-14,-0.007470472632381697
2017-06-15,-0.0017147081957407696
2017-06-16,0.010314129151736358
2017-06-19,-0.0012575481081816288
2017-06-20,-0.008718857718708638
2017-06-21,-0.001174458384515666
2017-06-22,-0.001336341418486023
2017-06-23,-0.01588131985764943
2017-06-26,-2.5769199106873272e-05
2017-06-27,-0.001085607181252068
2017-06-28,0.00447723818888051
2017-06-29,0.011393736569672071
2017-06-30,0.007059390177286544
2017-07-03,-0.0013133321433289834
2017-07-04,-0.006339155452450022
2017-07-05,0.015740158819499164
2017-07-06,0.0006553106040869296
2017-07-07,0.0003835757514776772
2017-07-10,0.0001552494773399803
2017-07-11,0.0014885085646071296
2017-07-12,-0.0005661624715436549
2017-07-13,-0.0031419720412814178
2017-07-14,-0.002981153647442353
2017-07-17,0.00010348037870400964
2017-07-18,-0.0029605486268025898
2017-07-19,-0.0039770746960629865
2017-07-20,0.0009385813661513811
2017-07-21,-0.0012298633045251318
2017-07-24,0.009323957931496131
2017-07-25,-0.015605818850358071
2017-07-26,0.00684904111153477
2017-07-27,0.007776511154985774
2017-07-28,-0.012140341394448898
2017-07-31,-0.0017561255644820929
2017-08-01,-0.0019286451959747487
2017-08-02,-0.008145070168306928
2017-08-03,-0.004366900125545252
2017-08-04,-0.006363455072794973
2017-08-07,0.010813622660541736
2017-08-08,0.005914070358884767
2017-08-09,0.007929330569964954
2017-08-10,0.004630032384259411
2017-08-11,-0.0064743106273033755
2017-08-14,-0.002847121597678642
2017-08-15,0.003236247367367508
2017-08-16,-0.0070327668533516725
2017-08-17,0.004577990581034329
2017-08-18,-0.0011419523889488103
2017-08-21,-0.0019489248452975853
2017-08-22,0.004565759809220949
2017-08-23,0.0029655798689162383
2017-08-24,-0.0018657969949144797
2017-08-25,0.007255978820185489
2017-08-28,-0.006186379965599384
2017-08-29,0.003995613641665583
2017-08-30,0.0038586075478103023
2017-08-31,-0.001557278635883942
2017-09-01,0.002256798133452708
2017-09-04,-0.007206681458311818
2017-09-05,0.005844162115241406
2017-09-06,-0.0008094128186579342
2017-09-07,-0.0028363381231142374
2017-09-08,0.006594055355021336
2017-09-11,-0.003926062143256556
2017-09-12,-0.008150767778181358
2017-09-13,-0.009039775041143422
2017-09-14,0.003936059708073838
2017-09-15,-0.0073825761149776984
2017-09-18,0.010828765091906188
2017-09-19,-0.012191576447302333
2017-09-20,0.01047873820974023
2017-09-21,0.0015661048032157103
2017-09-22,-0.00028027867122235435
2017-09-25,-0.0029695145208536986
2017-09-26,0.002694816686112425
2017-09-27,7.419178545090978e-05
2017-09-28,0.006919811292099128
2017-09-29,0.0009853658919722378
2017-10-02,0.0012018105687712655
2017-10-03,-0.0018816732732831352
2017-10-04,-4.1673742326404765e-05
2017-10-05,0.0021468106133523553
2017-10-06,-0.009961010355939754
2017-10-09,-0.007789112532634278
2017-10-10,0.00475958456413629
2017-10-11,0.001325192628767651
2017-10-12,-0.0008039000181160748
2017-10-13,0.00041060359839235894
2017-10-16,0.0023854902321700264
2017-10-17,-0.002938558081856169
2017-10-18,-0.004369828352413876
2017-10-19,0.0014750715305860893
2017-10-20,-0.005570236665690192
2017-10-23,0.002749516534286831
2017-10-24,-0.009915501625427042
2017-10-25,0.006474933823953862
2017-10-26,0.003135584894478258
2017-10-27,0.0018361784058832538
2017-10-30,0.0061961459036730835
2017-10-31,0.01029284666677546
2017-11-01,0.006386220390108783
2017-11-02,-0.010745245387989872
2017-11-03,-0.00737746180041421
2017-11-06,-0.003448911466174073
2017-11-07,0.0004565463012650027
2017-11-08,0.003405954122814738
2017-11-09,-0.004054462878920794
2017-11-10,0.0014206005868624698
2017-11-13,-0.004232297594119936
2017-11-14,-0.0033691068179516896
2017-11-15,-0.008139966581089333
2017-11-16,-0.005239399476665426
2017-11-17,-0.007810107633698002
2017-11-20,-0.0055552395178639965
2017-11-21,0.006621850779647037
2017-11-22,-0.005396393332991658
2017-11-23,0.016094292389024347
2017-11-24,0.0032599074052853355
2017-11-27,0.0014090167421692433
2017-11-28,-0.004850146681087282
2017-11-29,0.004501859276453948
2017-11-30,-0.003153826957426644
2017-12-01,0.0010320588878721686
2017-12-04,0.01566050722961277
2017-12-05,-0.0002763593983478993
2017-12-06,0.007195639957714055
2017-12-07,-0.003919058550755325
2017-12-08,9.006905701822979e-05
2017-12-11,0.010924803813813059
2017-12-12,-0.0034618023467266044
2017-12-13,0.011174691347981573
2017-12-14,0.004546511612732853
2017-12-15,-0.003074800655365606
2017-12-18,0.004094446434333126
2017-12-19,0.006135326697760379
2017-12-20,0.004030859773303179
2017-12-21,-0.00912134831934274
2017-12-22,-0.004062823054949212
2017-12-25,-0.0011851118133090286
2017-12-26,-0.00014660057460027777
2017-12-27,0.004024032585304068
2017-12-28,0.001366206005599523
2017-12-29,-0.007712066152260609
2018-01-01,0.002581187106035779
2018-01-02,0.003963514471702939
2018-01-03,0.003658742687586239
2018-01-04,0.006784684353327731
2018-01-05,0.005303532927293424
2018-01-08,0.00305508047537062
2018-01-09,-0.00012099426875188221
2018-01-10,-0.009665765601095949
2018-01-11,0.002877709314795515
2018-01-12,0.0015461261229786668
2018-01-15,0.0019294730231722407
2018-01-16,-0.0073604914549218565
2018-01-17,-0.006186339242449574
2018-01-18,0.006618917119997421
2018-01-19,6.266907686006972e-05
2018-01-22,0.004389004184235747
2018-01-23,0.000469910256782767
2018-01-24,0.0004785368369744711
2018-01-25,0.005929702835855986
2018-01-26,-0.0027962683693042436
2018-01-29,0.0008767246616459001
2018-01-30,-0.002473651732230255
2018-01-31,-0.0023069773645938937
2018-02-01,-0.0015550327408118364
2018-02-02,0.001632802629802277
2018-02-05,-0.002572491729980864
2018-02-06,0.007834536753441125
2018-02-07,-0.005067643813317023
2018-02-08,-0.0008212298649681543
2018-02-09,-0.0023383863496450495
2018-02-12,0.008981867306122398
2018-02-13,0.0014793286590694477
2018-02-14,0.006491067236811809
2018-02-15,-0.008613362238221832
2018-02-16,0.001902301595215553
2018-02-19,0.005637784773740623
2018-02-20,0.000793703935652545
2018-02-21,0.006692882250392107
2018-02-22,-0.0028037307006022333
2018-02-23,0.008756084641113479
2018-02-26,0.014093388741715502
2018-02-27,-0.0018770313626379543
2018-02-28,-0.0023730151284046307
2018-03-01,0.009020306862706206
2018-03-02,0.009777432874384274
2018-03-05,-0.0028371601629196097
2018-03-06,-0.0022211209025751436
2018-03-07,-0.0013907076531630433
2018-03-08,-0.007766703066205662
2018-03-09,-0.0052119116789051895
2018-03-12,-0.005724844600512408
2018-03-13,-0.004306785390624771
2018-03-14,9.189067567931289e-05
2018-03-15,0.0017052883952191245
2018-03-16,0.009603002956884462
2018-03-19,-0.005690124244432746
2018-03-20,0.0062059343908595025
2018-03-21,-0.000983933065353054
2018-03-22,3.2177420854022625e-06
2018-03-23,0.004348916952999622
2018-03-26,-0.0064363321293737915
2018-03-27,0.0025944584771043036
2018-03-28,0.0012987132492783364
2018-03-29,0.0032547075840488947
2018-03-30,0.002035011863446909
2018-04-02,0.015031800839465365
2018-04-03,-0.003526439905507896
2018-04-04,-0.002885981730010906
2018-04-05,-0.003438843158548586
2018-04-06,-0.0030328627149615282
2018-04-09,-0.0035243227638391064
2018-04-10,0.007434099186645311
2018-04-11,0.00882302548793913
2018-04-12,-0.003124477762496858
2018-04-13,-0.004694133438625373
2018-04-16,0.0031284933383184245
2018-04-17,-0.0030133382656858275
2018-04-18,0.004097590906533065
2018-04-19,0.0015175381251077982
2018-04-20,-0.008794464689983392
2018-04-23,0.00958503120798037
2018-04-24,0.011075266038573131
2018-04-25,-0.0033767321429063173
2018-04-26,-0.002026209359615905
2018-04-27,0.00201519234434943
2018-04-30,0.00230674073992215
2018-05-01,0.004251265636036982
2018-05-02,0.012361227232598098
2018-05-03,-0.0007616833649642964
2018-05-04,-0.004489783467230723
2018-05-07,-0.007975915368087163
2018-05-08,-0.004085580239651515
2018-05-09,0.0001012381627572174
2018-05-10,0.011067347181106727
2018-05-11,-0.0028056677942170285
2018-05-14,0.001642727709833391
2018-05-15,0.00020146262356348754
2018-05-16,0.007430359640688504
2018-05-17,0.01546159455524173
2018-05-18,-0.002885212637521924
2018-05-21,-0.002636636655109333
2018-05-22,0.006564965262414432
2018-05-23,0.0043913489377578685
2018-05-24,0.011380243954416202
2018-05-25,0.0038035691119557833
2018-05-28,-0.0018557525447223575
2018-05-29,0.0038439289841538556
2018-05-30,0.006952221483497447
2018-05-31,0.0052228930871841845
2018-06-01,0.0033436441866437866
2018-06-04,0.006700048137534924
2018-06-05,0.007315773542674037
2018-06-06,0.008592953946225163
2018-06-07,0.0041922593255378565
2018-06-08,-0.0007027084819011262
2018-06-11,0.001180282118599937
2018-06-12,0.007539053799050141
2018-06-13,-0.004601614025923417
2018-06-14,0.002512039853237407
2018-06-15,-0.0020600328739641643
2018-06-18,0.0004724689376089049
2018-06-19,0.007970711175643793
2018-06-20,0.00144659440811942
2018-06-21,0.0005786192889368929
2018-06-22,-0.007859136845879515
2018-06-25,0.004777521396163324
2018-06-26,0.004172905086846453
2018-06-27,0.013279528339832761
2018-06-28,-0.001546669409718005
2018-06-29,0.0016149019659836338
2018-07-02,0.0017963021022645315
2018-07-03,0.009764719678580846
2018-07-04,-0.00027177319432171264
2018-07-05,0.0019741291546220355
2018-07-06,0.003947379058299235
2018-07-09,0.0014196547389381485
2018-07-10,-0.00237860168730317
2018-07-11,0.0014645399573898455
2018-07-12,0.006741790499158632
2018-07-13,-0.005859091796466362
2018-07-16,0.001097818044881256
2018-07-17,-0.0039007248896350396
2018-07-18,0.007470279773549055
2018-07-19,-0.008839121428702648
2018-07-20,-0.0030535310836295303
2018-07-23,0.0025632712503871253
2018-07-24,0.009693144175406043
2018-07-25,-9.450156643792682e-05
2018-07-26,-0.0030311971601591904
2018-07-27,0.01158694241664354
2018-07-30,-0.008388083402497463
2018-07-31,-0.012892835739720492
2018-08-01,0.0029400867003199944
2018-08-02,-0.002712325346115667
2018-08-03,-0.00582739690278428
2018-08-06,0.00455013868379612
2018-08-07,0.001762804282627193
2018-08-08,-0.0030844717844203703
2018-08-09,-0.007381826392025366
2018-08-10,0.005534743969680868
2018-08-13,0.004201207067751966
2018-08-14,-0.00029505518267629744
2018-08-15,0.011379821976285995
2018-08-16,-0.006120508597956916
2018-08-17,-0.008853151025548433
2018-08-20,-0.003851448419287467
2018-08-21,2.648390186701314e-05
2018-08-22,0.001760036695936151
2018-08-23,-0.0011474163471379794
2018-08-24,0.0024123323790857807
2018-08-27,-0.0072092365451426645
2018-08-28,0.008962587624439557
2018-08-29,-0.00019290707035541282
2018-08-30,0.007003774989528766
2018-08-31,0.0023563520782662246
2018-09-03,0.0030405193149227036
2018-09-04,0.0037186036813932235
2018-09-05,0.00298625136010389
2018-09-06,0.004156336559205264
2018-09-07,0.008274915180794588
2018-09-10,0.0014791270182088207
2018-09-11,0.004554022545531074
2018-09-12,-0.00023841416572336038
2018-09-13,0.008940703292696837
2018-09-14,-0.0037583538123556184
2018-09-17,0.011105642597464894
2018-09-18,5.90522961339395e-05
2018-09-19,-0.00828465061270829
2018-09-20,0.0010686264894647357
2018-09-21,-0.0037863099448492855
2018-09-24,0.005343861293932345
2018-09-25,-0.0036157438758143458
2018-09-26,-0.0023771005992886786
2018-09-27,-0.011037244385673186
2018-09-28,-0.0024138379154944605
2018-10-01,-0.014243275959773741
2018-10-02,-0.00920341694091434
2018-10-03,0.004862487936865784
2018-10-04,0.005014800951904993
2018-10-05,0.0028527453707097882
2018-10-08,-0.005501856858775278
2018-10-09,1.3731863148120857e-05
2018-10-10,0.00027838476545658956
2018-10-11,-0.006650188135155257
2018-10-12,0.009320389810602904
2018-10-15,0.005564173743454029
2018-10-16,-0.0010257850429779838
2018-10-17,0.00046131503396718465
2018-10-18,0.0015502968476853148
2018-10-19,-0.011950409210545744
2018-10-22,-0.0011830642951235818
2018-10-23,-0.0037919054879867915
2018-10-24,-0.005709720059369493
2018-10-25,-0.0013866017573157296
2018-10-26,0.011086119161097136
2018-10-29,0.00414505716760206
2018-10-30,-0.003127073938696781
2018-10-31,0.0037354966881369515
2018-11-01,0.008696132619516014
2018-11-02,0.005847802097476613
2018-11-05,0.0006577822195210448
2018-11-06,-0.0035816206662334436
2018-11-07,0.00448933988168154
2018-11-08,0.0026609123125304977
2018-11-09,0.005671159320166394
2018-11-12,0.004111030810091817
2018-11-13,0.006597316291916011
2018-11-14,-0.002911411269363408
2018-11-15,0.008204364393805954
2018-11-16,0.0014855976281543978
2018-11-19,0.012751565235751593
2018-11-20,-0.003835126908537407
2018-11-21,0.010715782818991496
2018-11-22,0.0014874647007758867
2018-11-23,-0.0036085080216866905
2018-11-26,-0.0026033150043259295
2018-11-27,-0.001622083849165921
2018-11-28,0.0028449956784114983
2018-11-29,0.0034370129282129975
2018-11-30,-0.0031422000236314743
2018-12-03,0.00015387244643410292
2018-12-04,0.013153622151671183
2018-12-05,0.010665259020604268
2018-12-06,0.0029179420180441926
2018-12-07,0.0005280208690092018
2018-12-10,0.0010201879603095679
2018-12-11,0.0039811078363825
2018-12-12,-0.005836755391190433
2018-12-13,-0.0012442592245400707
2018-12-14,-0.009711504443265536
2018-12-17,0.0026953387356316756
2018-12-18,0.004183175638216447
2018-12-19,-0.002599118773796244
2018-12-20,0.009743920579740196
2018-12-21,-0.007054593978014048
2018-12-24,-0.008486249281258922
2018-12-25,0.0016467109113598322
2018-12-26,0.0065825898156729274
2018-12-27,0.010403566148747212
2018-12-28,-0.0024533055772136404
2018-12-31,0.0067720850005877735
2019-01-01,6.894918299575671e-05
2019-01-02,-0.0007357637996449179
2019-01-03,0.005601959624920034
2019-01-04,0.004213937270480517
2019-01-07,-0.009158352941905496
2019-01-08,0.009159242098355374
2019-01-09,0.008580548124884709
2019-01-10,-0.0034533762090571767
2019-01-11,0.002674821200624454
2019-01-14,0.003264181117696433
2019-01-15,0.0018640425949434426
2019-01-16,-0.003001830923072521
2019-01-17,-0.003729740207628309
2019-01-18,0.0001466755740513283
2019-01-21,0.007336374115556188
2019-01-22,0.003561600927566594
2019-01-23,-0.0019236859925166358
2019-01-24,0.0049301922638900686
2019-01-25,-0.01679125572378045
2019-01-28,0.0071925942022326205
2019-01-29,-0.010138282672668598
2019-01-30,-0.001874645648418793
2019-01-31,-0.006418019367756864
2019-02-01,-0.0074680888543254345
2019-02-04,0.007264960724271116
2019-02-05,-0.0025062072078713485
2019-02-06,0.002379023290384295
2019-02-07,1.8476526724895543e-05
2019-02-08,0.003162244963338729
2019-02-11,0.0007609313463615322
2019-02-12,-0.007397953345131418
2019-02-13,0.00627760091668284
2019-02-14,-0.002662539498967875
2019-02-15,-0.009039491391958506
2019-02-18,-0.002268690965795475
2019-02-19,0.009304558743805865
2019-02-20,0.005401330452680957
2019-02-21,-0.0017919128064471553
2019-02-22,-0.0017955462259105727
2019-02-25,-0.001629810307304296
2019-02-26,0.012760487901365046
2019-02-27,0.00259161271338932
2019-02-28,0.0028802498831464176
2019-03-01,0.0064817007241910534
2019-03-04,0.001732734954159081
2019-03-05,-0.0012542528749242188
2019-03-06,-0.0008780990945098698
2019-03-07,-0.00012960755648438375
2019-03-08,7.666658094095043e-05
2019-03-11,0.004665777261821879
2019-03-12,0.0006116753148437965
2019-03-13,0.004695840463293475
2019-03-14,-0.00018429948065149394
2019-03-15,0.0007718111418965435
2019-03-18,-0.011689204107192647
2019-03-19,0.0057979660482148886
2019-03-20,0.0023789308553879562
2019-03-21,0.006288060659157913
2019-03-22,-0.017077532269162133
2019-03-25,0.012830248228684366
2019-03-26,-0.0005375377689310426
2019-03-27,0.006949096900425099
2019-03-28,-0.005939435562753185
2019-03-29,0.003976643430375419
2019-04-01,-0.006020493379041937
2019-04-02,-0.003442613764174831
2019-04-03,0.011784188123200716
2019-04-04,-0.0008440944045800796
2019-04-05,0.0016045972390783371
2019-04-08,0.0055204063841325255
2019-04-09,0.003274091327835628
2019-04-10,0.0012025134308614586
2019-04-11,0.0024897660147973526
2019-04-12,0.01472049351142965
2019-04-15,-4.571278220151238e-05
2019-04-16,0.001506594280289805
2019-04-17,0.0066039263760456724
2019-04-18,0.006933155597747903
2019-04-19,0.007422181833362281
2019-04-22,0.004132381332175108
2019-04-23,-0.006558029476382902
2019-04-24,0.010100589193806575
2019-04-25,-0.006578072358112128
2019-04-26,0.0021158127914341993
2019-04-29,-0.004225655100116148
2019-04-30,-8.483007955795532e-05
2019-05-01,0.0022725744618208826
2019-05-02,0.0022281432927016387
2019-05-03,0.0028315245254117083
2019-05-06,0.009982267614351883
2019-05-07,0.003021205809083879
2019-05-08,-0.0011649398117438922
2019-05-09,0.0060845230097301434
2019-05-10,0.007436822933547843
2019-05-13,-0.007065646890821955
2019-05-14,0.0038844004190991483
2019-05-15,0.00450703645386539
2019-05-16,-0.0014853810201599516
2019-05-17,0.008554240879869716
2019-05-20,-0.0006003335221951604
2019-05-21,0.0010534587208292534
2019-05-22,-0.0007384309457032178
2019-05-23,0.00039347428548880517
2019-05-24,-0.006277650521371211
2019-05-27,-0.008340305295565767
2019-05-28,0.009867030379349833
2019-05-29,-0.004781768089909967
2019-05-30,-0.005648354096737843
2019-05-31,-0.012620340681622289
2019-06-03,-0.0035337704861370133
2019-06-04,-0.00763853876044499
2019-06-05,0.010152090960818214
2019-06-06,0.006358902536055805
2019-06-07,-0.0038289020710663424
2019-06-10,0.013814614832065853
2019-06-11,0.006190592921949565
2019-06-12,-0.0016489883010517349
2019-06-13,-0.01469643428924144
2019-06-14,0.01404565543554445
2019-06-17,-0.008037434800581576
2019-06-18,-0.00957239248174135
2019-06-19,0.006435422592057842
2019-06-20,0.014938514438035637
2019-06-21,0.008605636911063108
2019-06-24,0.0036834547203141578
2019-06-25,0.003868526049991716
2019-06-26,0.005420493352681847
2019-06-27,0.004853571538720591
2019-06-28,0.001987148543816255
2019-07-01,0.0009252066237112563
2019-07-02,-7.555876739713454e-05
2019-07-03,-0.004223787533200058
2019-07-04,-0.0013840504612006445
2019-07-05,-0.009857740885172312
2019-07-08,-0.0002900377607684994
2019-07-09,-0.005631546642905505
2019-07-10,-0.006321535903294625
2019-07-11,0.0013793649069208708
2019-07-12,0.008652013718067597
2019-07-15,0.005809899636013878
2019-07-16,-0.009123003621739062
2019-07-17,-0.0056377688194220255
2019-07-18,0.005944627127929296
2019-07-19,-0.005594924361229858
2019-07-22,-0.0010477988999821478
2019-07-23,0.0036003125941473113
2019-07-24,-0.005510066729181812
2019-07-25,0.0009322530368757595
2019-07-26,-0.007704152969509227
2019-07-29,-0.003308205863707282
2019-07-30,0.002218691604855222
2019-07-31,-0.009257962401190017
2019-08-01,0.0029428484277623937
2019-08-02,0.00018217320643991268
2019-08-05,0.0036149397265028867
2019-08-06,0.0016434848043879685
2019-08-07,0.008484842579843065
2019-08-08,0.0023044900529581454
2019-08-09,-0.00878811082250506
2019-08-12,0.0022459500606456756
2019-08-13,0.010665960580727758
2019-08-14,0.0007772014065140865
2019-08-15,0.0006118338240776477
2019-08-16,-0.014239833756135108
2019-08-19,-0.013458018351018964
2019-08-20,-0.02825210543599387
2019-08-21,0.03479153486373879
2019-08-22,-0.0250772647078257
2019-08-23,-0.014058103955918147
2019-08-26,-0.01456814531138395
2019-08-27,0.017698487538888828
2019-08-28,-0.0060989935658405554
2019-08-29,0.024754841453474678
2019-08-30,-0.01366981248487737
2019-09-02,0.0053798832444760395
2019-09-03,-0.016906941065195146
2019-09-04,0.04270298255546777
2019-09-05,-0.023951968380590254
2019-09-06,0.0059964142045405506
2019-09-09,0.01247553761864197
2019-09-10,0.008075981949029963
2019-09-11,-0.003905753177554166
2019-09-12,-0.0027964139946685235
2019-09-13,0.0006762294395821919
2019-09-16,-0.0031400400325697726
2019-09-17,0.019077582335898194
2019-09-18,0.04401046003182703
2019-09-19,-0.011349835700156673
2019-09-20,-0.027596059591581557
2019-09-23,-0.0019656409670250966
2019-09-24,0.05139418675308637
2019-09-25,-0.016273491359394616
2019-09-26,0.03258233610888135
2019-09-27,0.033354016281528814
2019-09-30,-0.011271764834159892
2019-10-01,0.011179661583705506
2019-10-02,0.03236793246257076
2019-10-03,-0.007782554819749742
2019-10-04,-0.004271607202047235
2019-10-07,-0.011833618278972875
2019-10-08,-0.020495134613857338
2019-10-09,-0.013185550901320143
2019-10-10,-0.02467880533524513
2019-10-11,0.0004816693651845214
2019-10-14,-0.015599464621172838
2019-10-15,0.004475718235814954
2019-10-16,-0.031317912924072544
2019-10-17,0.0064176046442891415
2019-10-18,0.016470579232178494
2019-10-21,-0.040074712851429106
2019-10-22,0.007281131396951443
2019-10-23,0.024353379849465846
2019-10-24,-0.02439282037382411
2019-10-25,0.03325144773675407
2019-10-28,0.008180380187320903
2019-10-29,-0.014300237115168177
2019-10-30,-0.0013153815531541202
2019-10-31,0.010966538250434447
2019-11-01,0.00132010782824823
2019-11-04,0.010575119848927384
2019-11-05,-0.018613471861587325
2019-11-06,0.00318721648072156
2019-11-07,-0.028474289938099605
2019-11-08,-0.0024245212269740067
2019-11-11,-0.018278152829295794
2019-11-12,-0.014910598851795333
2019-11-13,0.02452186350420875
2019-11-14,0.02162620241188538
2019-11-15,0.01198276241814354
2019-11-18,-0.02204625529345158
2019-11-19,-0.006528168993896038
2019-11-20,0.02406195399958367
2019-11-21,0.002634338272798095
2019-11-22,0.046186590799633886
2019-11-25,0.007666356787887438
2019-11-26,0.0036409823298006318
2019-11-27,-0.006382329284050027
2019-11-28,0.002470818095645646
2019-11-29,-0.003249396727610878
2019-12-02,0.01396217353377181
2019-12-03,0.018934046335891682
2019-12-04,-0.015919789210158988
2019-12-05,-0.02682465907115556
2019-12-06,-0.03692410746206593
2019-12-09,0.009959826538250872
2019-12-10,-0.022267332123477472
2019-12-11,-0.04325781185904966
2019-12-12,0.007571572090619282
2019-12-13,0.049659990348655814
2019-12-16,-0.00032141823079786646
2019-12-17,0.01656981548903284
2019-12-18,0.0014365871709513002
2019-12-19,-0.0021777930638228536
2019-12-20,0.018181529659755374
2019-12-23,-0.006005490883773027
2019-12-24,0.00514784628143806
2019-12-25,0.006233956123920273
2019-12-26,-0.013561809072860975
2019-12-27,0.01964084699073046
2019-12-30,-0.003699195133908173
2019-12-31,-0.015314903189856895
2020-01-01,0.010530196871408071
2020-01-02,-0.018169359635820743
2020-01-03,0.000363623147382565
2020-01-06,-0.00038237993288407085
2020-01-07,0.021517911316631562
2020-01-08,0.009293964657599055
2020-01-09,-0.0007005391749028783
2020-01-10,0.016155325984005743
2020-01-13,0.02760415098034627
2020-01-14,0.010956206127037245
2020-01-15,7.052396867612137e-06
2020-01-16,-0.02643672464700319
2020-01-17,-0.02150227326150745
2020-01-20,-0.006304494087093352
2020-01-21,-0.012390244043185663
2020-01-22,-0.00393942605970892
2020-01-23,0.0009329984979421433
2020-01-24,0.010393855087134616
2020-01-27,-0.0016099755611818244
2020-01-28,0.009530032876524038
2020-01-29,0.0010894882962024048
2020-01-30,-0.03970933132707743
2020-01-31,-0.018986707876375086
2020-02-03,-0.0030817511144323093
2020-02-04,-0.02439389485682215
2020-02-05,0.01179857459992409
2020-02-06,0.03041501664687395
2020-02-07,0.024175237033946334
2020-02-10,-0.00446885741860416
2020-02-11,0.029614522736999042
2020-02-12,0.002773349144042231
2020-02-13,-0.006941719422360787
2020-02-14,-0.012468053270818796
2020-02-17,-0.006249393729762566
2020-02-18,-0.007963536370824576
2020-02-19,0.003208324447509754
2020-02-20,0.003011479620997292
2020-02-21,-0.00013907959693171062
2020-02-24,0.008538763394926997
2020-02-25,0.023612925495726828
2020-02-26,0.018791082708826477
2020-02-27,-0.02989795936899807
2020-02-28,-0.051278422698039096
2020-03-02,0.018486398224785476
2020-03-03,-0.027537573968308422
2020-03-04,-0.00469530803785367
2020-03-05,-0.02360226052118719
2020-03-06,-0.03623960875160039
2020-03-09,0.01062925456409576
2020-03-10,0.014983103206052936
2020-03-11,-0.01173020801453439
2020-03-12,-0.0520208458428982
2020-03-13,-0.011124888965049656
2020-03-16,0.00763608010805093
2020-03-17,-0.029778231375482574
2020-03-18,0.0034671983955831126
2020-03-19,-0.0005061969834599112
2020-03-20,0.011385829992021767
2020-03-23,0.002191607368283065
2020-03-24,-0.01966137881763111
2020-03-25,0.023731430033289827
2020-03-26,-0.0033705914605394005
2020-03-27,-0.0007460907901986372
2020-03-30,-0.01886535918146392
2020-03-31,-0.009065645023830208
2020-04-01,-0.017896054280538018
2020-04-02,-0.00365892119846846
2020-04-03,0.03403416960284687
2020-04-06,-0.027638022858627126
2020-04-07,-0.03247122795753482
2020-04-08,0.029223406549872172
2020-04-09,-0.004386473543037322
2020-04-10,-0.013581454773198331
2020-04-13,0.02059809374792153
2020-04-14,-0.012312310794737283
2020-04-15,0.03632019427093872
2020-04-16,0.013358517426785382
2020-04-17,-0.009958228162914053
2020-04-20,0.042946164265310074
2020-04-21,-0.012314298460066769
2020-04-22,0.014641907440186138
2020-04-23,0.005785851608129839
2020-04-24,0.025834825787975964
2020-04-27,0.031030223934537055
2020-04-28,0.00044008298131533255
2020-04-29,-0.01526835740692367
2020-04-30,0.008999442858782328
2020-05-01,-0.013754307395042123
2020-05-04,0.04006774495053246
2020-05-05,0.0025307066216547487
2020-05-06,-0.007506431026242173
2020-05-07,0.0034936061172981684
2020-05-08,-0.027142525790593928
2020-05-11,-0.01963228077021303
2020-05-12,0.02380827815888851
2020-05-13,-0.013337885579427916
2020-05-14,-0.021138219653638792
2020-05-15,0.010533055050545723
2020-05-18,0.02351408309325994
2020-05-19,0.014179066213301334
2020-05-20,0.01972095371611633
2020-05-21,-0.015335901771389215
2020-05-22,-0.028636213334836874
2020-05-25,0.029826673039109738
2020-05-26,-0.006653596776842715
2020-05-27,-0.005216660329100947
2020-05-28,0.02636388283698116
2020-05-29,0.010924600188013198
2020-06-01,0.008917755441632152
2020-06-02,0.04310004689802168
2020-06-03,-0.013070364607602861
2020-06-04,0.018356802561624745
2020-06-05,0.00094026249794169
2020-06-08,0.005171845577265139
2020-06-09,0.030369368528250635
2020-06-10,0.009956715125792475
2020-06-11,0.01056592158099266
2020-06-12,0.021250146746196047
2020-06-15,-0.007499054590857706
2020-06-16,-0.016984193346780127
2020-06-17,-0.02109618388042067
2020-06-18,-0.039527131787520035
2020-06-19,0.040924142598806446
2020-06-22,-0.02226416731443366
2020-06-23,-0.004625072471715439
2020-06-24,-0.005736265997778413
2020-06-25,0.005948133956182015
2020-06-26,0.016114744250785937
2020-06-29,0.017009469767194908
2020-06-30,-0.01186154877137877
2020-07-01,-0.0035424342757282303
2020-07-02,0.005451599009765993
2020-07-03,-0.0051738225236709415
2020-07-06,0.03194691152039986
2020-07-07,0.009619499032765027
2020-07-08,0.014497555720996348
2020-07-09,0.013057625373348253
2020-07-10,0.0232694771497065
2020-07-13,0.003420431174074139
2020-07-14,-0.026136638959116932
2020-07-15,0.007793759035052832
2020-07-16,-0.013227137875836582
2020-07-17,-0.010772333634995138
2020-07-20,0.011527280375101865
2020-07-21,0.024565661428672714
2020-07-22,0.00022543153472123298
2020-07-23,0.005976660251979276
2020-07-24,0.03384429889270476
2020-07-27,0.004615063589771366
2020-07-28,0.0518336622836079
2020-07-29,0.011110192912630882
2020-07-30,-0.035415255183116355
2020-07-31,0.01486683242209065
2020-08-03,0.007423167697655555
2020-08-04,0.025595055081654914
2020-08-05,0.013263627025399167
2020-08-06,-0.0029691196796754766
2020-08-07,-0.024685964725787313
2020-08-10,-0.004380465145720505
2020-08-11,-0.017210409084186
2020-08-12,-0.011810468996094454
2020-08-13,0.011571568088412192
2020-08-14,0.03319809008702813
2020-08-17,0.0076934305964596215
2020-08-18,-0.024117661240703685
2020-08-19,0.008692053364402813
2020-08-20,0.023732629732913024
2020-08-21,-0.012395658086387646
2020-08-24,-0.002880343333458354
2020-08-25,9.376389458394185e-05
2020-08-26,-0.0158979662616448
2020-08-27,0.01276560867687718
2020-08-28,-0.0026189629721556315
2020-08-31,0.008190648878140555
2020-09-01,-0.017949843556042
2020-09-02,-0.00894916600646821
2020-09-03,0.014247627156555427
2020-09-04,-0.007656663041835339
2020-09-07,0.0343392770246681
2020-09-08,-0.008192723712292047
2020-09-09,0.004293694515037719
2020-09-10,0.018451816637461798
2020-09-11,-0.028567314658660633
2020-09-14,-0.035416176239615516
2020-09-15,-0.030713126291401896
2020-09-16,0.02505168206854364
2020-09-17,-0.011237162917848936
2020-09-18,0.05096398571336505
2020-09-21,-0.011484951973147773
2020-09-22,0.0034910260639407394
2020-09-23,0.030642199051357514
2020-09-24,0.03992185776318246
2020-09-25,0.04103007153272796
2020-09-28,0.02396732461186285
2020-09-29,0.02028125051622925
2020-09-30,0.011650538984023661
2020-10-01,0.015367221523332754
2020-10-02,-0.011223714326570669
2020-10-05,-0.016563977668446143
2020-10-06,-0.00026748914821904103
2020-10-07,-0.003603692450498569
2020-10-08,-0.009264560986545505
2020-10-09,0.013727748949134306
2020-10-12,0.018906104171410216
2020-10-13,0.001568137725836947
2020-10-14,0.029350601621105237
2020-10-15,-0.023033782282670102
2020-10-16,-0.004073189185594362
2020-10-19,-0.014536446412056099
2020-10-20,-0.0375307323414612
2020-10-21,-0.001853613716853985
2020-10-22,-0.002634950167665671
2020-10-23,0.030068994864842623
2020-10-26,0.012416233691095551
2020-10-27,-0.020683736486584097
2020-10-28,0.03688185132668377
2020-10-29,0.02422067391050706
2020-10-30,0.011441954069372316
2020-11-02,-0.0047296819769966384
2020-11-03,-0.019388784734469595
2020-11-04,-0.00764413552142106
2020-11-05,0.021574972394083722
2020-11-06,0.037491726118692184
2020-11-09,0.030664870565443782
2020-11-10,-0.009976988435725483
2020-11-11,-0.022592348665780224
2020-11-12,0.002617724938224079
2020-11-13,-0.03556878731125703
2020-11-16,0.00626335428369563
2020-11-17,-0.0031520517259733738
2020-11-18,-0.009520730037364845
2020-11-19,-0.032094061345335906
2020-11-20,0.010072002131394331
2020-11-23,-0.010854016793238228
2020-11-24,-0.02359833671420576
2020-11-25,-0.057645244265632986
2020-11-26,-0.0007502981010127251
2020-11-27,0.035245031933394885
2020-11-30,0.0330251842909574
2020-12-01,-0.009341925131725437
2020-12-02,-0.012244241207235612
2020-12-03,0.009175485121500475
2020-12-04,-0.02016770878376583
2020-12-07,0.00583583799638932
2020-12-08,0.015121605567693805
2020-12-09,0.024338664477686154
2020-12-10,-0.0022030815295990555
2020-12-11,-0.004273475003539317
2020-12-14,-0.01775965173513122
2020-12-15,-0.0167376070807972
2020-12-16,-0.004729577838030535
2020-12-17,0.007147310136323562
2020-12-18,0.01807169252466499
2020-12-21,-0.016263579013606897
2020-12-22,0.029653771379190435
2020-12-23,-0.005622472020851375
2020-12-24,-0.0006273458869687232
2020-12-25,-0.015144233582956468
2020-12-28,-0.048684805205458835
2020-12-29,0.017480907927220995
2020-12-30,0.014536877941848667
2020-12-31,-0.005826551142364267
2021-01-01,0.0011398143444974382
2021-01-04,0.010118784354081988
2021-01-05,-0.031450917137730856
2021-01-06,-0.010781053546925897
2021-01-07,0.015685293592436544
2021-01-08,-0.025285788463384987
2021-01-11,0.005671158643332586
2021-01-12,-0.027331636092468102
2021-01-13,0.009128599648670526
2021-01-14,-0.0009128296459496713
2021-01-15,-0.032502636318110185
2021-01-18,0.023094787089143427
2021-01-19,-0.014891831535960985
2021-01-20,-0.016405048740287618
2021-01-21,0.0038113839446188573
2021-01-22,0.022772746988574306
2021-01-25,-0.02051643637956794
2021-01-26,0.001033596996959433
2021-01-27,0.00837633000661146
2021-01-28,0.01366211214526288
2021-01-29,0.0033288311055445037
2021-02-01,-0.007540556781666446
2021-02-02,-0.016751804412974393
2021-02-03,0.001522877660927495
2021-02-04,-0.021642780239712136
2021-02-05,-0.05862700966989215
2021-02-08,0.008531196083153355
2021-02-09,0.017878696821723907
2021-02-10,-0.04745864871083677
2021-02-11,-0.02039461409419875
2021-02-12,0.012183085220103956
2021-02-15,0.04094990939423398
2021-02-16,0.00021587415350815789
2021-02-17,-0.01476005882458269
2021-02-18,-0.0038579288220968034
2021-02-19,0.027297528382963697
2021-02-22,-0.013119283582490707
2021-02-23,-0.01618384013300507
2021-02-24,-0.009854870443640648
2021-02-25,-0.019266572165174245
2021-02-26,0.0022534063198959104
2021-03-01,0.03229356916939121
2021-03-02,0.006261585462320582
2021-03-03,-0.0052470700425257515
2021-03-04,-0.006036225378310882
2021-03-05,-0.03146381617393314
2021-03-08,0.01746219554294318
2021-03-09,-0.0017567439402560408
2021-03-10,-0.003809598271812513
2021-03-11,0.0636621513568972
2021-03-12,0.005775058167313725
2021-03-15,-0.015235821001903687
2021-03-16,-0.008727151924110867
2021-03-17,0.022768914183935098
2021-03-18,0.002065408210755289
2021-03-19,-0.028965559566347332
2021-03-22,0.018184578691504073
2021-03-23,-0.01356288171077988
2021-03-24,0.03726595552435091
2021-03-25,0.021400961314292973
2021-03-26,-0.009146437913175024
2021-03-29,0.02542032723470226
2021-03-30,0.0011571102105480658
2021-03-31,0.01685547350244439
2021-04-01,0.009494656345889495
2021-04-02,-0.01712713309981747
2021-04-05,-0.013070996646349241
2021-04-06,0.020399216351623225
2021-04-07,-0.006895506642130817
2021-04-08,-0.008272969264839935
2021-04-09,-0.019302451586987058
2021-04-12,0.00827198131186922
2021-04-13,0.0410504983848629
2021-04-14,-0.021550658285085456
2021-04-15,0.00028438913345516133
2021-04-16,0.028044411108308586
2021-04-19,-0.0017928278249143032
2021-04-20,0.008847435924994677
2021-04-21,-0.021447870562937593
2021-04-22,0.008366141944152972
2021-04-23,-0.003942885300090976
2021-04-26,0.01951459991359726
2021-04-27,0.023547721031295026
2021-04-28,0.05159127284037228
2021-04-29,0.011392663464271513
2021-04-30,0.0063159263316433295
2021-05-03,0.0036876860315467204
2021-05-04,-0.007263325856213767
2021-05-05,0.006569676869233823
2021-05-06,-0.006108028202780588
2021-05-07,0.0031692195253922857
2021-05-10,0.026151950712159196
2021-05-11,-0.020330851305592822
2021-05-12,0.02259757122258091
2021-05-13,0.026142301346797306
2021-05-14,-0.002561370539821575
2021-05-17,-0.042637097980171894
2021-05-18,-0.01235643974188865
2021-05-19,0.025739890931222188
2021-05-20,-0.0006573612459776424
2021-05-21,-0.020186044645898214
2021-05-24,-0.010295498424564349
2021-05-25,0.01661240053009106
2021-05-26,0.010734671364027585
2021-05-27,-0.004978641983393886
2021-05-28,-0.007536488236293751
2021-05-31,-0.00803516298087644
2021-06-01,-0.01864820368997005
2021-06-02,0.032107513789388836
2021-06-03,-0.006646409384226798
2021-06-04,0.024143170416509933
2021-06-07,0.03022632103844903
2021-06-08,0.019766217962959208
2021-06-09,-0.008832406254360969
2021-06-10,0.007874601806732188
2021-06-11,-0.0006839121278183234
2021-06-14,-0.01827403721460256
2021-06-15,0.0062871856344320605
2021-06-16,-0.02378079582319605
2021-06-17,0.023553587769231277
2021-06-18,-0.009492345945967862
2021-06-21,0.003823193117456786
2021-06-22,0.005465757430922843
2021-06-23,-0.0053780994740815465
2021-06-24,0.011533876029505494
2021-06-25,-0.00969807313245049
2021-06-28,0.017225945949144884
2021-06-29,-0.02711959360493497
2021-06-30,0.0023275915909282364
2021-07-01,0.0385785799811657
2021-07-02,-0.020206626492111492
2021-07-05,-0.013754899410497031
2021-07-06,0.0100781569931783
2021-07-07,0.003391635638791959
2021-07-08,0.003706300992735592
2021-07-09,0.005091871301476635
2021-07-12,0.006547214685617699
2021-07-13,0.011296998419562233
2021-07-14,0.004298186569285125
2021-07-15,-0.0022125765461854245
2021-07-16,0.006925737012027313
2021-07-19,0.019198819348952154
2021-07-20,-0.0011263374638257355
2021-07-21,-0.009545293046706415
2021-07-22,0.011270806692869728
2021-07-23,-0.0010038116395359824
2021-07-26,-0.021526695460140362
2021-07-27,0.008674216771504217
2021-07-28,-0.005153281859539228
2021-07-29,-0.0007053328230416078
2021-07-30,0.0035198033056901457
2021-08-02,0.002104996797790664
2021-08-03,0.007294518171390395
2021-08-04,-0.004154863705698434
2021-08-05,0.0053310579817608264
2021-08-06,-0.0023954667758391717
2021-08-09,0.0075881048088750295
2021-08-10,0.006353674840130534
2021-08-11,-0.009154387020445954
2021-08-12,0.011059821161750324
2021-08-13,-0.005159634451140481
2021-08-16,0.008280577982811451
2021-08-17,0.0038728731340134065
2021-08-18,0.018581836767951224
2021-08-19,-0.002034659823718521
2021-08-20,-0.0032931679611819748
2021-08-23,5.803941122673904e-06
2021-08-24,-0.0028317978283427542
2021-08-25,0.008199419019420501
2021-08-26,-0.01596310608436588
2021-08-27,-0.010336824191463541
2021-08-30,-0.010478029215791931
2021-08-31,0.009703075919735758
2021-09-01,0.017306133725819253
2021-09-02,-0.0008444921853747149
2021-09-03,-0.0014882172319001061
2021-09-06,0.0009005216311318139
2021-09-07,0.011818783026081905
2021-09-08,-0.00907353134190574
2021-09-09,0.0025836898273478514
2021-09-10,0.009951976297824298
2021-09-13,0.0052109416993984525
2021-09-14,0.0020958161659874338
2021-09-15,0.010210460925671412
2021-09-16,-0.026832322929992374
2021-09-17,0.006978753195309076
2021-09-20,-0.006340756831274239
2021-09-21,-0.01810632896856457
2021-09-22,0.005312025995249807
2021-09-23,0.013936585451629577
2021-09-24,-0.0011744851462769186
2021-09-27,0.00972874547202939
2021-09-28,0.016322782579886452
2021-09-29,0.013349144535840475
2021-09-30,0.016599645293713928
2021-10-01,0.007621274910718922
2021-10-04,0.0009543363890159279
2021-10-05,-0.015819658118971687
2021-10-06,-0.002260624881299486
2021-10-07,-0.008232465953161917
2021-10-08,0.02190942717497814
2021-10-11,-0.001558858124323366
2021-10-12,0.001432048067844857
2021-10-13,0.005714853760404676
2021-10-14,0.0006360244637245373
2021-10-15,0.01715051040430753
2021-10-18,-0.00602649361734452
2021-10-19,0.0021460745523724273
2021-10-20,-0.007224705856980483
2021-10-21,-0.013000225112207059
2021-10-22,-0.0059176909090528544
2021-10-25,-0.00017036797048412022
2021-10-26,-0.0040930222451726
2021-10-27,-0.006724209798738561
2021-10-28,-0.013863174636718338
2021-10-29,-0.0006310557262869477
2021-11-01,-0.014847203740310021
2021-11-02,0.007800559636896026
2021-11-03,0.001024397529345033
2021-11-04,-0.014375514994649305
2021-11-05,-0.0028920907704986345
2021-11-08,-0.007321564055905832
2021-11-09,0.0033917451041918043
2021-11-10,0.013604504460231447
2021-11-11,-0.018551724696457446
2021-11-12,0.0013502607914741718
2021-11-15,-0.0014013279556664038
2021-11-16,0.006913400764504657
2021-11-17,0.0023319662823768914
2021-11-18,-0.007319693317388192
2021-11-19,-0.002990539356666182
2021-11-22,-0.007760258568034892
2021-11-23,0.010960071385985985
2021-11-24,0.0004131164867194222
2021-11-25,0.019211906857530072
2021-11-26,-0.0004066081381462077
2021-11-29,-0.006884067669104628
2021-11-30,-0.014937143926128271
2021-12-01,-0.017831396762559452
2021-12-02,-0.0156413594300549
2021-12-03,0.0028712665101148344
2021-12-06,0.005287250232299338
2021-12-07,-0.015611907020321334
2021-12-08,0.009150383140761156
2021-12-09,-0.004630610516834395
2021-12-10,0.0016679301198554938
2021-12-13,0.016322206282554243
2021-12-14,0.00916839315865532
2021-12-15,-0.002485306479058323
2021-12-16,-0.008711922254152875
2021-12-17,-0.02131815401329305
2021-12-20,-0.006991533192424202
2021-12-21,-0.0019113023882769442
2021-12-22,-0.00967179527151184
2021-12-23,-0.0011125696709230473
2021-12-24,0.0009685188295876821
2021-12-27,-0.0020485598180807855
2021-12-28,-0.006300025808234598
2021-12-29,0.001886546719667277
2021-12-30,0.00461940649569409
2021-12-31,-0.01070399077442846
2022-01-03,0.0143093237974627
2022-01-04,-0.0007858813228426173
2022-01-05,0.0003884962294484766
2022-01-06,0.007282144232565571
2022-01-07,0.0025321613126350166
2022-01-10,0.009731366339132451
2022-01-11,0.003071241652018242
2022-01-12,-0.005924373746404379
2022-01-13,0.0038150352520610166
2022-01-14,-0.011237262073206617
2022-01-17,0.0012855970577652315
2022-01-18,-0.000132299906444608
2022-01-19,-0.001881168572725397
2022-01-20,-0.0010853751143893075
2022-01-21,-0.01861849045497639
2022-01-24,-0.005287249077409615
2022-01-25,0.001128449011411147
2022-01-26,0.0017985639199740039
2022-01-27,-0.010076751409259581
2022-01-28,0.012857078408647008
2022-01-31,-0.008461748482145008
2022-02-01,0.009894572005267369
2022-02-02,0.0044719436187168485
2022-02-03,-0.006262273098438031
2022-02-04,0.01795310892609512
2022-02-07,-0.0117363683175648
2022-02-08,0.009391541736100016
2022-02-09,0.010205823180429783
2022-02-10,-0.006506202090766449
2022-02-11,0.014124653000643288
2022-02-14,-0.0023004651459895276
2022-02-15,0.0030869362927985703
2022-02-16,0.0028032183877122075
2022-02-17,-0.001143087414705478
2022-02-18,0.008308082731597822
2022-02-21,0.008134887205522131
2022-02-22,-0.01728531973238181
2022-02-23,0.013243402428781526
2022-02-24,-0.016424919880356745
2022-02-25,0.010525462043416573
2022-02-28,0.011467051368275834
2022-03-01,-0.010709664302151981
2022-03-02,-0.003908142879545848
2022-03-03,-0.010857046684859357
2022-03-04,-0.001949210302887353
2022-03-07,-0.0028803428418574125
2022-03-08,0.007996605322693398
2022-03-09,0.013303087461196085
2022-03-10,0.014156838107899562
2022-03-11,-0.005421680265783021
2022-03-14,-0.0018922187374452778
2022-03-15,-0.016634381922209503
2022-03-16,-0.007858700664961887
2022-03-17,0.009848516330974576
2022-03-18,0.016355828235482317
2022-03-21,-0.01214348871879922
2022-03-22,-0.005724642591528943
2022-03-23,-6.405756958927032e-05
2022-03-24,0.003001611588196068
2022-03-25,-0.00789603519921646
2022-03-28,0.004440610444640897
2022-03-29,-0.004538393470709162
2022-03-30,5.547729121720897e-05
2022-03-31,0.005662842480036996
2022-04-01,0.0002642226981093782
2022-04-04,-0.0041638589052656865
2022-04-05,-0.0008960980392583084
2022-04-06,-0.0006836295920533532
2022-04-07,-0.003500110298821277
2022-04-08,-0.002387960626671024
2022-04-11,0.016186471705047167
2022-04-12,0.005809194479412387
2022-04-13,-0.0027548031802916034
2022-04-14,0.007169544045107356
2022-04-15,-0.0031381948975600996
2022-04-18,0.011931246375866414
2022-04-19,0.0038964219219809392
2022-04-20,-0.0008730214400422888
2022-04-21,0.004677169258102776
2022-04-22,-0.015508761520684993
2022-04-25,-0.011067674689098052
2022-04-26,-0.011739250063990554
2022-04-27,0.0016294309476370676
2022-04-28,0.017525149994850917
2022-04-29,0.02251300146192632
2022-05-02,0.006580511014407571
2022-05-03,0.005208444749444569
2022-05-04,-0.01781057734152739
2022-05-05,-0.005226737997340218
2022-05-06,-0.007677837519082389
2022-05-09,-0.006008475982511161
2022-05-10,-0.001481438185847896
2022-05-11,-0.004520905776971274
2022-05-12,-0.019592998103757878
2022-05-13,0.007679102561175338
2022-05-16,-0.010527430257398065
2022-05-17,0.0025924686411114956
2022-05-18,0.020940826697499734
2022-05-19,-0.008993845915864234
2022-05-20,-0.0251028752274633
2022-05-23,-0.0026600422188011084
2022-05-24,0.011209596349985711
2022-05-25,0.01978347454220594
2022-05-26,-0.012095495944524168
2022-05-27,0.005166992232365217
2022-05-30,-0.004453104567800533
2022-05-31,-0.0008594835430413566
2022-06-01,0.026643433470170348
2022-06-02,-0.014829703283951532
2022-06-03,0.0027373966149457345
2022-06-06,0.004876931717654332
2022-06-07,0.011057863249393472
2022-06-08,0.0011798315347089545
2022-06-09,0.0032805053950410233
2022-06-10,-0.0037164856742179114
2022-06-13,0.0028912694124510734
2022-06-14,-0.003231922754974105
2022-06-15,0.006415718898560508
2022-06-16,-0.0034961033604363396
2022-06-17,0.0039710039390218645
2022-06-20,-9.262813684978352e-05
2022-06-21,0.011460502507721682
2022-06-22,-0.00031393723588486245
2022-06-23,-0.017530324682068815
2022-06-24,0.012819215007139917
2022-06-27,-0.008857323008626189
2022-06-28,-0.0063376633864881985
2022-06-29,-0.005756612940434921
2022-06-30,0.013944380931708173
2022-07-01,-0.021156742139786956
2022-07-04,0.03157748533659994
2022-07-05,0.010760568090660519
2022-07-06,0.002432389141291597
2022-07-07,-0.0003489400061628639
2022-07-08,0.0030555407485765695
2022-07-11,0.005411224283793383
2022-07-12,0.0066521558595005695
2022-07-13,0.005756044660034485
2022-07-14,0.0010958068125524881
2022-07-15,-0.0017733842030732607
2022-07-18,-0.0013127328365351168
2022-07-19,-0.00174908280352681
2022-07-20,0.011537700968670647
2022-07-21,0.0061355672228086185
2022-07-22,-0.029203886346642803
2022-07-25,0.006759007765297609
2022-07-26,0.0021473619471877483
2022-07-27,1.291243554102584e-05
2022-07-28,-0.0036851845308888583
2022-07-29,0.011441127199860136
2022-08-01,0.009675264621228578
2022-08-02,-0.0075287766782360915
2022-08-03,0.004270522871245351
2022-08-04,-0.00951656734541286
2022-08-05,-0.013596181647889305
2022-08-08,-0.006067172245899652
2022-08-09,0.008823934723827588
2022-08-10,0.009731250453760868
2022-08-11,0.00533085420097293
2022-08-12,0.007450957868479971
2022-08-15,0.005361782871149584
2022-08-16,-0.006214815952229523
2022-08-17,0.004519225446739406
2022-08-18,0.008204095252276824
2022-08-19,0.007742913298135742
2022-08-22,0.01208913371474643
2022-08-23,0.0072830384720106375
2022-08-24,0.0037144820754158293
2022-08-25,0.010901502383164275
2022-08-26,-6.521259249060065e-05
2022-08-29,-0.008618746512277177
2022-08-30,-0.0014306696394376388
2022-08-31,-0.007249026448064491
2022-09-01,-0.0065517827497438156
2022-09-02,-0.0012451867071551783
2022-09-05,-0.007724199209999613
2022-09-06,-0.0028796152963904025
2022-09-07,-0.018736146669537858
2022-09-08,0.0023329370737293856
2022-09-09,0.00021205475362224237
2022-09-12,-0.007970886310681905
2022-09-13,0.00679245668432405
2022-09-14,0.009575701376265585
2022-09-15,-0.01587559864368974
2022-09-16,-0.007427247785662143
2022-09-19,-0.007491423497872983
2022-09-20,-0.009199031011088646
2022-09-21,0.008494748419317485
2022-09-22,-0.0017382613877280353
2022-09-23,-0.0024451484131061078
2022-09-26,-0.019838623644067535
2022-09-27,0.006554180302092263
2022-09-28,-0.012192583948534725
2022-09-29,0.0007993263026632825
2022-09-30,0.002973769379581917
2022-10-03,0.01380658595838651
2022-10-04,-0.012888203991191121
2022-10-05,-0.029995121558208254
2022-10-06,0.0020384954475369484
2022-10-07,0.018205111815108536
2022-10-10,0.012589463529394374
2022-10-11,0.002296594152746258
2022-10-12,-0.004716361856320474
2022-10-13,0.008271225966373105
2022-10-14,-0.009535461997044687
2022-10-17,0.004963577693562192
2022-10-18,0.005254701591666269
2022-10-19,0.010802099074988799
2022-10-20,0.027796600389110776
2022-10-21,0.00412415967178767
2022-10-24,-0.004889636257074988
2022-10-25,-5.574312191994435e-05
2022-10-26,-0.017490759048891184
2022-10-27,-0.006747131310890582
2022-10-28,-0.00389282438113104
2022-10-31,-0.005040883979345925
2022-11-01,0.00172354872033722
2022-11-02,-0.008024199323822005
2022-11-03,0.011410306673244715
2022-11-04,0.00020207064918197095
2022-11-07,0.00010699678861385583
2022-11-08,-0.0030789471651291784
2022-11-09,0.0017519068385897915
2022-11-10,0.008450982646676347
2022-11-11,-0.008471302157109003
2022-11-14,-0.006381164890752567
2022-11-15,-0.0028372602877666468
2022-11-16,-0.013258709234732149
2022-11-17,-0.007992578597214977
2022-11-18,-0.004562208735446591
2022-11-21,0.008943891807127275
2022-11-22,0.0028256132900192498
2022-11-23,0.0021358991136754438
2022-11-24,0.008708979621679722
2022-11-25,-0.0011737178839939665
2022-11-28,0.004104648499288896
2022-11-29,-0.0008322175293249623
2022-11-30,0.0028536234939962844
2022-12-01,-0.005627586576115821
2022-12-02,-0.024188171582764293
2022-12-05,-0.0011427916218630413
2022-12-06,0.014427481360999401
2022-12-07,0.009462154022415924
2022-12-08,0.009853974845911708
2022-12-09,0.01256130721806218
2022-12-12,0.0010865759096143745
2022-12-13,0.002173157074055956
2022-12-14,-0.005976518954343502
2022-12-15,-0.0029607285602704977
2022-12-16,0.006357711497711416
2022-12-19,0.012238844371688163
2022-12-20,-0.0011944627568099954
2022-12-21,-0.004301892648514116
2022-12-22,0.00020527958856597295
2022-12-23,0.006212067489291148
2022-12-26,-0.014238548161335417
2022-12-27,-0.022761809531372384
2022-12-28,-0.005305368494915836
2022-12-29,-0.012007124259141586
2022-12-30,-0.0048814019764731095
2023-01-02,-0.0012778031881747153
2023-01-03,-0.004332484090230134
2023-01-04,0.014724675344707455
2023-01-05,0.0034674476460232004
2023-01-06,0.0032047435961082837
2023-01-09,0.006422071440434019
2023-01-10,-0.011188331177807691
2023-01-11,0.010591117874202687
2023-01-12,-0.0005576428653545989
2023-01-13,0.006904806172412126
2023-01-16,-0.010518572330401554
2023-01-17,-0.015337587660160643
2023-01-18,0.008378896580250287
2023-01-19,0.003964095260975166
2023-01-20,-0.008820515543575104
2023-01-23,-0.008496630812746944
2023-01-24,0.011454347844147695
2023-01-25,-0.011694118928673279
2023-01-26,0.01662672953255963
2023-01-27,-0.008806207346478688
2023-01-30,0.006583919256083829
2023-01-31,-0.003086184757489846
2023-02-01,0.0062318743108234305
2023-02-02,-0.005241140021141926
2023-02-03,-0.0014279290607229422
2023-02-06,0.0006091917539572114
2023-02-07,-0.009821874557814726
2023-02-08,0.007608243454201259
2023-02-09,-0.0049321356647158525
2023-02-10,-0.0020859991534001856
2023-02-13,-0.009743493746085121
2023-02-14,-0.025423336587953108
2023-02-15,-0.00171027762600169
2023-02-16,0.02432615421612916
2023-02-17,0.008046042878980239
2023-02-20,7.396202656053595e-06
2023-02-21,-0.0024289082920826766
2023-02-22,0.0004246589281204638
2023-02-23,0.0056711911517520995
2023-02-24,-0.011608128153088449
2023-02-27,0.011343216946688722
2023-02-28,0.00735381315441244
2023-03-01,0.007381857257079344
2023-03-02,0.004584757388097272
2023-03-03,0.00039616657693989905
2023-03-06,0.006928612359668199
2023-03-07,0.00611814133741378
2023-03-08,-0.003340407109410238
2023-03-09,-0.00553601772896901
2023-03-10,0.001218562952619867
2023-03-13,0.015690201514951874
2023-03-14,-0.012191070756539009
2023-03-15,-0.0144752526575244
2023-03-16,0.0018476084123651676
2023-03-17,0.0007088770185601806
2023-03-20,0.0019334166437040823
2023-03-21,0.002639531979085003
2023-03-22,-0.002032022546348051
2023-03-23,0.015098634386020823
2023-03-24,-0.015809039784765156
2023-03-27,-0.00808497024780246
2023-03-28,-0.000832547601490474
2023-03-29,-0.016231888111541675
2023-03-30,-0.0015585440443207116
2023-03-31,0.01681470165728018
2023-04-03,0.0004088648829596179
2023-04-04,0.002507009057186835
2023-04-05,-0.012401647651725802
2023-04-06,-0.005963614080394775
2023-04-07,-0.00355196380323937
2023-04-10,-0.0029771509675623406
2023-04-11,0.013016437950037688
2023-04-12,0.0057769106072512455
2023-04-13,-0.010914579569370319
2023-04-14,0.002665047784320049
2023-04-17,0.005182217484967851
2023-04-18,0.011601490385212666
2023-04-19,0.016005406865683733
2023-04-20,-0.009950941918278685
2023-04-21,-0.007908575112103381
2023-04-24,-0.012375778589146163
2023-04-25,-0.0021401985910698136
2023-04-26,0.004863583744463345
2023-04-27,0.010073345165891019
2023-04-28,-0.0005595102364252276
2023-05-01,-0.0029984752325484393
2023-05-02,0.0017175799224874039
2023-05-03,-0.00815142901630023
2023-05-04,0.021095387216947734
2023-05-05,-0.015876610271180588
2023-05-08,0.0020474057889572446
2023-05-09,0.020436062192296392
2023-05-10,0.0002679984455999777
2023-05-11,-0.0017003903500149445
2023-05-12,-0.003374454228104272
2023-05-15,-0.0016039168176240782
2023-05-16,0.013928484746765302
2023-05-17,-0.02191861911329507
2023-05-18,0.015534337012963256
2023-05-19,-0.01403957152450145
2023-05-22,-0.002466523292344148
2023-05-23,-0.004092444202986619
2023-05-24,0.006085532697707197
2023-05-25,-0.015781243518837477
2023-05-26,0.004821726660819428
2023-05-29,0.020443096232868524
2023-05-30,-0.013431740045928104
2023-05-31,0.0020970616761039566
2023-06-01,-0.006419821777966091
2023-06-02,0.0044588720619303576
2023-06-05,0.00039147777415752063
2023-06-06,-0.006214869090443096
2023-06-07,0.00507872284871074
2023-06-08,0.018243481097867432
2023-06-09,-0.0017090379172729868
2023-06-12,0.007397579421481819
2023-06-13,-0.012732729578711638
2023-06-14,-0.009364363768180088
2023-06-15,0.004924062778803773
2023-06-16,0.01504116028535965
2023-06-19,0.0037561334878565998
2023-06-20,-0.0029305803052315435
2023-06-21,0.00019291405423354084
2023-06-22,-0.012304077339697175
2023-06-23,0.006245153263553667
2023-06-26,0.009023330623234092
2023-06-27,-0.0043209033283308045
2023-06-28,-0.004500421477595015
2023-06-29,0.002858782296520485
2023-06-30,-0.004167197360405955
2023-07-03,-0.0004613261462582246
2023-07-04,0.021197217891665152
2023-07-05,-0.0022702570074599666
2023-07-06,-0.003383401520212222
2023-07-07,-0.006275418056351592
2023-07-10,0.0076419197149993675
2023-07-11,-0.00161224173218103
2023-07-12,-0.006293730383214261
2023-07-13,0.013413040322730121
2023-07-14,0.014396030045136373
2023-07-17,-0.0058042356573870515
2023-07-18,-0.018465399513606165
2023-07-19,0.010275136898369222
2023-07-20,-0.00664629825760004
2023-07-21,0.008106255991627688
2023-07-24,-0.019501038177118356
2023-07-25,0.009125973382993093
2023-07-26,-0.011911719292807812
2023-07-27,0.007507641190665245
2023-07-28,0.00034273067836434107
2023-07-31,-0.009339394193966448
2023-08-01,-0.003870363129267805
2023-08-02,0.007063184569567007
2023-08-03,0.0012589445311523425
2023-08-04,0.006044129804724842
2023-08-07,0.019964405845154853
2023-08-08,-0.015442416117110514
2023-08-09,0.016372125749686238
2023-08-10,0.0012435593752321294
2023-08-11,-0.008787840483231281
2023-08-14,-0.013103136257389897
2023-08-15,-0.0016912039077703349
2023-08-16,0.009416501119244594
2023-08-17,-0.0010754912037753421
2023-08-18,0.015311549302473476
2023-08-21,-0.01431175690051559
2023-08-22,7.91105215394544e-05
2023-08-23,-0.01232393444413119
2023-08-24,0.003836318826249679
2023-08-25,0.009068873900973004
2023-08-28,-0.0040076179368105334
2023-08-29,-0.025842138566271343
2023-08-30,0.0021894814679649455
2023-08-31,0.004567385517335095
2023-09-01,0.0042429475496169764
2023-09-04,0.012557821918221542
2023-09-05,-0.010510536796490489
2023-09-06,0.007002161054504494
2023-09-07,0.01212507512477975
2023-09-08,-0.01758587584006517
2023-09-11,0.0033965182591897724
2023-09-12,-0.004841798310076716
2023-09-13,-0.0006152267310164589
2023-09-14,0.0036767648353833635
2023-09-15,-0.004672285641135523
2023-09-18,-0.006557080791616119
2023-09-19,0.000541524174880246
2023-09-20,-0.010672459388628026
2023-09-21,-0.010658251288851854
2023-09-22,0.006993732829565033
2023-09-25,-0.01128794035158656
2023-09-26,0.006863125009092119
2023-09-27,0.004825912928539512
2023-09-28,-0.01705806728790597
2023-09-29,-0.006575646523356552
2023-10-02,0.012141094030473726
2023-10-03,-0.009611655311396817
2023-10-04,-0.0044440426230938765
2023-10-05,0.0048206089325189645
2023-10-06,0.008033905092825954
2023-10-09,-0.002315388860444957
2023-10-10,-0.005775101946916416
2023-10-11,0.014423698616985078
2023-10-12,0.01758899663797579
2023-10-13,0.009988580507817955
2023-10-16,0.0010531814256502406
2023-10-17,-0.007882657216409263
2023-10-18,-0.008104444065565652
2023-10-19,0.005425141052657574
2023-10-20,0.004383982208886837
2023-10-23,0.014215985929464294
2023-10-24,0.006704500925361391
2023-10-25,-0.01483080301759818
2023-10-26,0.010719476177229187
2023-10-27,-0.00978060627314413
2023-10-30,-0.003639712719523516
2023-10-31,0.002702002062516945
2023-11-01,0.020156674897839642
2023-11-02,0.03129918556005361
2023-11-03,0.006267230591361827
2023-11-06,-0.0016319661872038786
2023-11-07,0.005545056484805503
2023-11-08,0.009076554258738361
2023-11-09,-0.0030066762555719167
2023-11-10,0.01815211355912322
2023-11-13,0.002500707591914021
2023-11-14,0.005177430890913943
2023-11-15,0.006859242520544613
2023-11-16,0.004415866106144557
2023-11-17,0.008589405004696123
2023-11-20,-0.005972531865469232
2023-11-21,-0.005383017539460306
2023-11-22,-0.010801542329716949
2023-11-23,0.004595012306202264
2023-11-24,0.00798936503512114
2023-11-27,0.004777728661518857
2023-11-28,0.016944924333475372
2023-11-29,0.00014403981170953446
2023-11-30,0.006887416555925127
2023-12-01,-0.010717008761393143
2023-12-04,-0.0036709970247440103
2023-12-05,0.007155377575657775
2023-12-06,0.00869102110743144
2023-12-07,-0.0027396694766418225
2023-12-08,-0.0005159925185806683
2023-12-11,-0.014978737466808095
2023-12-12,-0.003370292008066094
2023-12-13,0.009103831635197863
2023-12-14,0.005952050161065662
2023-12-15,0.0052066572138120965
2023-12-18,0.0006977368718096008
2023-12-19,0.00027063158628176453
2023-12-20,-0.0064032113947344715
2023-12-21,0.0071882842020253475
2023-12-22,0.004409729443893898
2023-12-25,0.005120188479927993
2023-12-26,-0.005060348426675804
2023-12-27,-0.021333429198712447
2023-12-28,0.011171527117536958
2023-12-29,-0.004588374560084042
2024-01-01,-0.008427757640431206
2024-01-02,0.0071347891191399365
2024-01-03,-0.0037201263991912957
2024-01-04,0.010799363840466219
2024-01-05,0.006370059495766975
2024-01-08,0.007035693232004776
2024-01-09,-0.013459557112005343
2024-01-10,0.012319439853864005
2024-01-11,0.0028125053123385607
2024-01-12,-0.0034927713924620316
2024-01-15,0.0016338846734225108
2024-01-16,-0.0175623523289832
2024-01-17,0.004286528114806708
2024-01-18,-0.010093715081820715
2024-01-19,-0.013326702858435345
2024-01-22,-0.015023591862178911
2024-01-23,0.011326883749899253
2024-01-24,-0.006092633936927888
2024-01-25,0.015537277099164993
2024-01-26,-0.005158014630522978
2024-01-29,-0.01687357957592947
2024-01-30,-0.01096524439948659
2024-01-31,0.012558116200069388
2024-02-01,-0.0013589817793666751
2024-02-02,-0.005282872964906009
2024-02-05,0.001800182258527877
2024-02-06,0.0052178273616754495
2024-02-07,0.01137398815902461
2024-02-08,0.014684992298929262
2024-02-09,-0.003397686457890857
2024-02-12,-0.013060476860820382
2024-02-13,-0.0039346516112327605
2024-02-14,0.0028028050658288617
2024-02-15,-0.009437589262106109
2024-02-16,-0.009371509148950428
2024-02-19,0.0036378788154988544
2024-02-20,-0.00028652351570451144
2024-02-21,0.0005279699541158651
2024-02-22,-0.007384953347000695
2024-02-23,-0.002104007142057673
2024-02-26,-0.009042331442683044
2024-02-27,0.009101984111247869
2024-02-28,0.010552493347237527
2024-02-29,-0.01826187862238094
2024-03-01,-0.0090951086019241
2024-03-04,-0.01476529255090079
2024-03-05,-0.0063002393440689825
2024-03-06,-0.0006343796979036086
2024-03-07,-0.0142964521969853
2024-03-08,-0.00901859813125313
2024-03-11,-0.009839573720814985
2024-03-12,0.00227267329398944
2024-03-13,0.0008934433703625043
2024-03-14,-0.007017375533372534
2024-03-15,0.0019682087213939796
2024-03-18,-0.005266800845872654
2024-03-19,-0.0025165511032605326
2024-03-20,0.01693452090298537
2024-03-21,0.01360461051790348
2024-03-22,-0.012795812369275976
2024-03-25,0.008497324178791746
2024-03-26,0.008313965544915921
2024-03-27,-0.011282632887526182
2024-03-28,0.008387776437548606
2024-03-29,0.015579319184125529
2024-04-01,-0.011025448062444139
2024-04-02,-0.008975028210142635
2024-04-03,0.010376614668435025
2024-04-04,0.00291495310825648
2024-04-05,0.005714762752395232
2024-04-08,0.003605892164004968
2024-04-09,0.0041069592092814414
2024-04-10,-0.01306472128311083
2024-04-11,0.010673177066214484
2024-04-12,0.011895899924277736
2024-04-15,-0.0020939074406802777
2024-04-16,-0.0002347694981386243
2024-04-17,-0.015111075025557221
2024-04-18,0.005342547560178349
2024-04-19,0.005920574417141441
2024-04-22,-0.00042191016999311003
2024-04-23,0.011443533598705027
2024-04-24,-0.0031407723097994053
2024-04-25,0.005846059258936003
2024-04-26,-0.009996643386921156
2024-04-29,-3.5521508742381204e-05
2024-04-30,-0.0015435425790283584
2024-05-01,0.002453079220409416
2024-05-02,-0.003495269288333586
2024-05-03,-0.0011147259567166779
2024-05-06,0.008460471714415064
2024-05-07,-0.004167642372382175
2024-05-08,-0.015865771007386793
2024-05-09,0.017695839042054205
2024-05-10,0.014014540786904867
2024-05-13,-0.012722626951056186
2024-05-14,0.0070970780524519436
2024-05-15,-0.004829747705513431
2024-05-16,0.002834872153310596
2024-05-17,0.0031422412901349374
2024-05-20,-0.00214407800316322
2024-05-21,-0.007637656655863966
2024-05-22,-0.006705410523162594
2024-05-23,-0.008961919154812424
2024-05-24,-0.008118222082304448
2024-05-27,-0.00047178290049355257
2024-05-28,-0.006957599891107519
2024-05-29,0.007020520657126199
2024-05-30,0.015072461553359274
2024-05-31,-0.005600532413700431
2024-06-03,0.002594045005353771
2024-06-04,0.005196851103029338
2024-06-05,0.004920022709192743
2024-06-06,0.000959552679160874
2024-06-07,0.007626824183597223
2024-06-10,0.005022489526806572
2024-06-11,-0.012176624223272979
2024-06-12,0.008891560643892732
2024-06-13,0.009072908372667422
2024-06-14,-0.007432861041785816
2024-06-17,0.0005793783544760203
2024-06-18,0.007033289928110694
2024-06-19,-0.0018931381957936156
2024-06-20,0.010929780477660118
2024-06-21,0.023838724946193608
2024-06-24,-0.007659860326349824
2024-06-25,-0.013610446031537748
2024-06-26,0.0032381859560487573
2024-06-27,0.007415625051261435
2024-06-28,-0.0021086637384476895
2024-07-01,0.014732606633210344
2024-07-02,-0.013186057997232487
2024-07-03,0.007129186230316111
2024-07-04,-0.005858608207588934
2024-07-05,0.017393779062072966
2024-07-08,0.02012515353168118
2024-07-09,-0.007466565877833479
2024-07-10,-0.005295571359085802
2024-07-11,0.00879587886979802
2024-07-12,-0.003671306497895146
2024-07-15,-0.00025411217932238216
2024-07-16,0.0004538842054241019
2024-07-17,-0.018996731561976565
2024-07-18,6.16225390576275e-05
2024-07-19,-0.006697277740641739
2024-07-22,-0.00473122822399772
2024-07-23,0.014636320034688143
2024-07-24,-0.012365068942792563
2024-07-25,0.008332051867479774
2024-07-26,-0.002589629303318085
2024-07-29,-0.002597601684958344
2024-07-30,0.008103718960517113
2024-07-31,0.0036005129456889045
